ID,First Name,Last Name,Phone,LTV
4576,Sophia,Walker,602-310-9331,$496.87 
9488,Evelyn,Harris,171-363-6978,"$38,424.41 "
7265,Lucas,Foster,139-658-8905,"$14,413.64 "
8555,Elijah,Jones,538-241-9868,"$13,440.49 "
7023,Mason,Taylor,937-595-5837,"$1,777.37 "
3412,Gabriel,Harris,821-585-8990,"$21,446.57 "
8225,Daniel,Wallace,434-144-2215,"$12,540.32 "
8699,Victoria,Perry,295-543-5452,$631.97 
3328,Samuel,Martinez,573-597-7252,"$5,426.89 "
9460,Andrew,Perry,870-961-7105,"$4,251.74 "
2452,Ava,Mitchell,677-742-5739,"$11,463.27 "
5094,Joseph,Smith,785-583-7448,"$1,570.58 "
2068,Sofia,Alexander,676-675-3583,"$8,024.52 "
5425,Noah,Alexander,452-664-5404,"$1,021.35 "
3077,Elizabeth,Simmons,632-552-1332,"$1,975.03 "
9593,Logan,Wallace,480-894-8885,"$14,725.31 "
4880,Evelyn,Wallace,470-387-1141,"$47,604.61 "
4497,Joseph,Miller,764-258-2121,"$1,461.14 "
7001,Lucas,Walker,179-216-8788,"$2,215.50 "
1090,Matthew,Johnson,693-494-3915,"$9,839.90 "
8681,Logan,Garcia,926-185-8311,"$7,635.97 "
1235,Evelyn,Taylor,136-380-8351,"$3,903.37 "
3928,Evelyn,Brown,711-524-1294,"$3,264.07 "
7796,Chloe,Brown,nan,"$8,545.96 "
8322,Olivia,Lewis,303-701-1709,"$3,657.21 "
1219,Chloe,Taylor,738-644-1923,"$7,014.82 "
1407,Amelia,Parker,nan,"$23,314.49 "
8217,Oliver,Garcia,539-506-1276,"$9,706.46 "
7806,Oliver,Martinez,nan,"$23,809.27 "
6949,James,Brown,154-725-7274,"$1,083.87 "
6506,Emma,Watson,230-569-5755,"$5,192.15 "
2549,Emily,Harris,?,"$3,941.85 "
9774,Samuel,Brown,241-516-3052,"$8,984.43 "
6181,Chloe,Morales,947-469-3576,"$5,877.25 "
6359,Grace,Hernandez,806-853-4805,"$12,784.18 "
2903,Evelyn,Jones,919-550-2537,"$1,869.24 "
3718,Olivia,Smith,744-101-7533,$27.99 
7062,Chloe,Bailey,360-301-9881,"$10,568.94 "
5081,Grace,Ramirez,821-939-9428,"$5,041.34 "
8119,Oliver,Alexander,194-804-6491,"$1,607.38 "
3731,Matthew,Garcia,964-817-4113,"$13,454.45 "
8485,Madison,Martinez,888-713-1906,"$15,805.61 "
8292,Daniel,Garcia,507-312-5844,"$49,699.77 "
2637,Oliver,Griffin,721-704-6434,"$20,391.00 "
5403,Elijah,Griffin,749-765-4950,"$13,889.87 "
8350,Gabriel,Russell,874-802-4369,"$5,449.65 "
2434,Andrew,Thomas,856-675-5033,"$10,586.35 "
2217,Mia,Powell,645-644-9772,"$18,001.58 "
1135,Sofia,Thomas,nan,nan
4628,Emma,Brown,878-494-8953,"$9,030.33 "
7562,Elizabeth,Bailey,668-480-8987,"$5,225.22 "
9122,Evelyn,Moore,413-483-2006,"$35,371.58 "
7409,Olivia,Morales,518-953-8154,"$2,660.09 "
3922,Benjamin,Smith,821-718-6210,$488.75 
1129,Noah,Parker,818-830-3242,$551.61 
7687,Avery,Griffin,164-774-3876,"$2,005.97 "
5061,Michael,Watson,233-842-9555,"$2,059.45 "
2396,Benjamin,Hall,702-493-6243,"$10,978.07 "
3687,Emily,Griffin,520-360-7046,"$1,740.52 "
6833,Charlotte,Bryant,690-682-8735,"$1,683.86 "
1109,Elijah,Perry,537-119-4498,"$1,680.64 "
6251,Sophia,Bailey,846-512-5905,"$11,425.81 "
4440,Liam,Johnson,765-459-7558,"$5,469.84 "
9092,Aiden,Simmons,593-704-5158,$748.66 
5490,Madison,Griffin,524-270-5671,"$17,102.28 "
3033,Henry,Russell,111-574-8474,"$10,390.39 "
2400,Emma,Bryant,743-754-6655,"$18,891.26 "
1854,Mason,Young,525-922-6046,"$7,270.39 "
4580,Avery,Bailey,389-228-7481,"$36,192.33 "
3922,Victoria,Smith,nan,"$4,594.44 "
9864,Joseph,Perry,141-915-1427,"$4,035.17 "
9719,Mia,Thomas,800-639-3964,"$3,537.26 "
5637,Chloe,Miller,224-816-6593,$930.53 
7784,Gabriel,Brown,725-849-2639,"$28,858.37 "
7269,Elizabeth,Bailey,757-931-2873,"$14,023.43 "
6705,Evelyn,Parker,563-304-8915,$223.86 
9277,Oliver,Clark,398-618-4734,"$4,552.19 "
3557,Lucas,Powell,542-721-1764,"$11,142.14 "
7526,Michael,Miller,521-118-8555,"$2,672.95 "
7436,Olivia,Morales,870-649-7677,"$6,605.90 "
8170,Elizabeth,Griffin,361-899-1129,"$2,588.28 "
2716,Sofia,Smith,847-119-7055,"$4,333.62 "
3941,Harper,Taylor,466-951-4844,"$6,162.73 "
8175,Elijah,Taylor,577-931-8142,"$8,405.38 "
6531,Joseph,Perez,491-419-6205,"$2,643.57 "
4820,Henry,Diaz,595-178-2151,nan
5308,David,Russell,665-984-9223,"$13,592.64 "
6952,Isabella,Moore,730-828-9264,"$5,039.80 "
8313,Gabriel,Simmons,825-219-2881,"$8,671.17 "
7861,Evelyn,Jones,272-833-2881,"$3,918.24 "
5834,Logan,Young,481-716-4306,?
2824,James,Perez,515-976-4631,"$14,181.25 "
9478,Noah,Lewis,298-111-7118,"$5,357.61 "
1529,Andrew,Mitchell,617-761-3552,"$26,345.71 "
7770,Samuel,Harris,677-146-7144,"$18,051.04 "
2229,Emma,Simmons,613-834-3513,"$4,538.32 "
5039,Ava,Brown,170-576-6081,$422.52 
2263,Victoria,Smith,971-297-2895,"$5,829.51 "
9232,Lucas,Perry,534-290-4258,"$7,243.49 "
8922,Joseph,Mitchell,nan,"$3,721.42 "
9088,Noah,Wilson,950-177-2278,"$2,073.34 "
5872,David,Wallace,291-575-5549,$738.60 
6011,Charlotte,Taylor,801-925-4301,$128.32 
6075,Noah,Taylor,428-227-2000,"$13,149.31 "
2960,Chloe,Walker,228-491-9301,"$30,786.14 "
6107,Evelyn,Scott,956-348-5636,"$19,921.13 "
3339,Aiden,Foster,691-432-2013,"$9,759.99 "
8031,Grace,Brown,199-896-2460,"$18,467.09 "
7665,Amelia,Simmons,308-316-5573,"$5,060.11 "
4434,Mia,Reyes,327-269-5346,"$3,802.29 "
4906,Liam,Parker,876-467-5966,"$2,687.59 "
8418,Grace,Scott,453-677-9548,"$1,671.18 "
9775,Harper,Diaz,270-974-7064,"$21,505.70 "
6736,Charlotte,Martinez,385-739-7441,"$3,975.63 "
4701,Noah,Bryant,681-493-6121,"$11,174.48 "
8714,Avery,Foster,952-298-9230,"$10,414.00 "
3915,Elizabeth,Bailey,829-311-5433,"$5,991.06 "
4443,Alexander,Hernandez,328-624-8238,"$4,987.52 "
1668,Henry,Johnson,467-337-1893,"$2,215.56 "
4725,Isabella,Perez,661-771-5439,nan
7222,Noah,Perry,490-352-4550,"$1,586.48 "
2068,Ava,Simmons,482-306-4040,"$2,047.92 "
4403,Sophia,Young,880-162-5094,"$2,949.35 "
6157,Madison,Perez,145-149-7975,"$5,323.59 "
4850,Amelia,Morales,?,"$3,993.40 "
6727,Mia,Simmons,684-669-2421,"$16,052.68 "
5387,Alexander,Walker,350-663-4887,"$3,456.57 "
8553,Elizabeth,Smith,612-853-5655,"$3,420.59 "
7319,James,Davis,563-572-9207,"$13,939.02 "
2789,Olivia,Moore,487-484-9943,"$2,007.31 "
1925,Charlotte,Hernandez,507-455-1404,"$2,165.93 "
3644,Elizabeth,Russell,482-581-5956,"$7,753.19 "
9360,Gabriel,Foster,916-308-9243,"$57,952.11 "
5721,Amelia,Jones,896-586-5848,"$29,922.19 "
7578,Joseph,Perez,740-728-6142,"$23,661.05 "
8407,James,Clark,205-736-2901,"$9,093.35 "
3081,Abigail,Parker,821-549-2496,"$12,696.74 "
1225,Elijah,Foster,347-748-8821,"$3,124.51 "
8246,Emma,Lewis,687-897-6731,"$12,484.46 "
6741,Sophia,Davis,703-505-3487,$454.56 
3184,Emma,Miller,422-807-4293,"$6,817.05 "
2496,James,Garcia,652-160-5704,"$24,341.19 "
6995,Aiden,Cox,466-952-7636,"$2,958.67 "
5980,Gabriel,Taylor,?,"$6,973.82 "
2399,Benjamin,Thomas,113-514-8383,"$3,207.98 "
8725,Sofia,Perry,487-486-2124,"$9,651.94 "
3827,Victoria,Bailey,202-808-5024,"$8,657.11 "
9061,Samuel,Johnson,691-170-6368,"$16,664.39 "
6737,Oliver,Scott,142-497-5491,"$21,869.99 "
3622,Emma,Scott,621-612-9801,"$7,313.12 "
3104,Madison,Garcia,nan,"$7,980.02 "
8123,Grace,Sanders,983-135-8335,"$8,412.17 "
6513,Amelia,Taylor,474-143-8412,"$7,971.83 "
6502,Sophia,Taylor,988-551-4762,"$10,713.09 "
3444,Charlotte,Lewis,214-769-6963,"$10,836.96 "
7848,James,Ramirez,529-706-8477,"$1,030.56 "
2348,Sofia,Moore,632-391-4247,"$7,072.08 "
4213,Aiden,Scott,275-672-7567,"$13,220.56 "
9544,Avery,Harris,244-910-1753,"$1,367.31 "
1539,Benjamin,Harris,279-401-9983,"$2,618.05 "
3507,David,Griffin,661-844-2882,"$36,865.39 "
7063,Noah,Moore,974-681-2254,$383.65 
1432,David,Griffin,845-243-1712,$612.72 
9808,Madison,Ramirez,328-675-1053,$560.27 
3104,Amelia,Perez,326-418-8652,$556.70 
1627,Mia,Wilson,122-868-7883,"$25,738.19 "
6146,Elijah,Harris,104-943-1629,"$11,096.77 "
9694,Madison,Walker,167-884-8438,"$11,687.33 "
5947,Madison,Sanders,460-211-9985,"$1,987.02 "
8693,Liam,Taylor,198-176-1235,"$6,870.90 "
2922,Oliver,Griffin,908-189-1672,"$15,625.13 "
1333,Olivia,Perez,447-371-5299,nan
4230,Henry,Perry,516-662-1771,"$4,060.94 "
2776,Oliver,Powell,262-868-9099,"$4,670.22 "
2511,Gabriel,Young,651-352-4500,"$7,710.41 "
9518,Lucas,Sanders,691-706-6596,"$4,772.73 "
9207,Matthew,Foster,901-487-8994,"$4,758.19 "
4564,Noah,Powell,400-363-7396,"$17,145.57 "
6956,Isabella,Russell,402-341-4726,"$6,387.18 "
9554,Olivia,Powell,528-196-4282,"$9,911.24 "
6464,Avery,Miller,139-148-5461,"$12,116.77 "
8611,Abigail,Reyes,157-607-8452,"$1,551.50 "
7263,Aiden,Perry,639-846-9763,$238.60 
5501,Samuel,Brown,790-961-2595,"$3,513.17 "
1472,Victoria,Griffin,692-876-3595,$584.19 
5638,Aiden,Powell,502-755-5688,"$1,834.13 "
7653,Ava,Brown,147-339-5643,"$26,682.56 "
3026,Amelia,Watson,698-345-1442,"$25,694.69 "
1379,Lucas,Griffin,531-870-7656,"$6,318.52 "
9068,Emily,Moore,233-739-8159,"$1,334.39 "
1131,Mason,Clark,915-976-4535,"$1,829.80 "
6848,James,Smith,703-335-6894,"$1,432.11 "
7440,Amelia,Scott,338-984-7360,"$3,564.16 "
9111,Elizabeth,Foster,480-344-3726,"$37,163.01 "
9970,Avery,Johnson,111-301-8326,"$12,595.53 "
6334,Emma,Jones,nan,"$8,951.10 "
8137,William,Hall,?,"$15,272.52 "
4299,Mia,Powell,907-153-9439,"$4,117.59 "
9285,William,Moore,549-802-3514,"$6,756.48 "
1901,Liam,Perry,519-351-9722,"$17,263.86 "
7155,Liam,Johnson,312-900-7443,"$7,704.31 "
9450,Charlotte,Brown,?,"$83,826.44 "
6583,Samuel,Griffin,352-623-1654,"$2,033.09 "
5297,Isabella,Harris,734-972-6706,"$22,688.01 "
8090,William,Martinez,548-491-2793,"$18,244.91 "
6656,Amelia,Griffin,257-623-2970,"$10,279.01 "
9390,Emma,Perez,567-617-8443,"$8,086.20 "
3646,Olivia,Reyes,211-155-3226,$401.86 
4680,Oliver,Taylor,807-885-2139,"$35,796.73 "
6926,Alexander,Thomas,811-317-2413,$91.68 
3791,Amelia,Perry,695-317-4911,"$34,112.85 "
4069,Gabriel,Clark,534-333-3683,"$22,506.69 "
9823,Sofia,Foster,125-722-2563,"$3,854.93 "
8224,Isabella,Harris,100-260-7115,"$6,988.09 "
2813,Oliver,Lewis,805-853-8982,"$1,098.76 "
4629,Samuel,Sanders,169-437-3916,"$2,123.88 "
9453,Aiden,Mitchell,565-294-5957,"$27,710.38 "
8907,Lucas,Clark,974-786-5679,"$23,251.61 "
6119,Noah,Simmons,598-978-7094,"$20,019.85 "
6531,Ava,Martinez,853-716-9058,"$1,102.89 "
5670,Noah,Young,956-541-4865,"$3,217.20 "
2312,Mia,Martinez,987-264-5380,"$5,361.71 "
4813,Mia,Scott,795-166-9313,"$12,686.88 "
6057,Mason,Johnson,605-908-2291,"$10,319.73 "
4434,Gabriel,Clark,939-141-1698,"$21,730.63 "
8814,Victoria,Thomas,472-134-1769,"$22,783.08 "
2056,Logan,Hernandez,nan,"$4,267.79 "
9117,David,Watson,708-325-7052,"$8,336.96 "
4854,Madison,Wallace,488-178-1325,"$2,866.59 "
2407,Logan,Wallace,103-678-2163,nan
8945,Matthew,Jones,252-826-3158,"$15,898.15 "
5648,Logan,Bailey,965-783-6424,"$12,343.43 "
7085,Gabriel,Walker,544-952-7944,"$7,424.38 "
3987,Olivia,Davis,640-296-3698,"$6,083.23 "
8995,Emily,Scott,602-506-1565,"$17,389.60 "
6218,Olivia,Wilson,569-826-9752,"$46,596.34 "
6060,Elizabeth,Cox,844-888-8377,"$8,250.18 "
5104,Harper,Mitchell,977-344-5311,"$7,592.97 "
2935,David,Bryant,300-102-6085,"$10,187.73 "
9175,Oliver,Perez,666-281-8737,"$18,459.25 "
1060,Alexander,Diaz,702-611-5928,"$3,197.42 "
3674,Alexander,Sanders,nan,"$16,515.50 "
5302,Benjamin,Perez,429-268-3902,"$6,391.64 "
9645,Alexander,Reyes,582-677-3085,"$4,593.97 "
5622,Isabella,Brown,884-442-2258,"$2,438.75 "
3374,Ava,Griffin,110-131-7460,"$13,687.12 "
2684,Daniel,Foster,437-350-4129,"$2,915.46 "
2142,Henry,Taylor,833-365-5666,"$8,021.12 "
8279,William,Lewis,606-500-6114,"$12,157.97 "
1372,Emma,Powell,463-743-1743,"$20,690.02 "
2169,Sofia,Moore,586-573-4159,"$8,370.23 "
1818,Emily,Simmons,944-803-6317,"$17,396.29 "
2235,Evelyn,Young,367-641-1275,"$2,212.90 "
1313,William,Bailey,445-228-2096,"$16,307.62 "
5520,Elijah,Lewis,194-233-8037,"$5,683.81 "
7019,Joseph,Simmons,499-730-5005,"$17,019.84 "
3044,Amelia,Perez,387-964-5222,"$8,587.08 "
6387,Abigail,Alexander,?,$48.64 
9933,Liam,Hernandez,828-386-9507,"$9,394.94 "
3204,Mia,Garcia,983-487-3813,"$13,397.98 "
4932,Isabella,Martinez,502-978-7737,"$25,791.89 "
3562,Henry,Martinez,674-710-1046,$192.96 
2108,Samuel,Lewis,367-859-7824,"$7,889.31 "
4973,Gabriel,Alexander,550-974-3460,"$4,220.40 "
7908,Joseph,Morales,904-398-4419,"$3,816.54 "
7755,Ava,Parker,842-445-2611,"$20,224.65 "
4443,David,Wilson,989-584-6713,"$9,296.01 "
5373,Charlotte,Simmons,453-745-8726,"$3,321.70 "
4748,Chloe,Alexander,898-698-4731,"$9,640.98 "
8036,Henry,Clark,308-502-6715,"$1,895.78 "
7277,David,Perez,673-606-9024,"$15,233.31 "
6576,Harper,Moore,720-436-2249,"$12,053.31 "
3427,Benjamin,Ramirez,863-248-2653,"$12,415.85 "
3764,Samuel,Brown,690-845-5439,"$11,715.59 "
3241,Andrew,Hall,493-631-7330,"$7,030.61 "
1202,Avery,Martinez,894-999-3236,"$9,611.33 "
5546,Chloe,Powell,342-568-4905,"$33,393.95 "
5312,Gabriel,Wallace,754-700-4314,"$3,014.21 "
5472,Ava,Simmons,495-468-8106,"$45,607.63 "
2494,David,Brown,717-670-1575,"$8,013.88 "
1426,Michael,Cox,731-653-8135,"$23,518.95 "
2727,Grace,Watson,316-159-1389,"$10,287.16 "
8445,Sophia,Mitchell,829-716-4434,"$19,541.70 "
7294,Elizabeth,Reyes,884-536-5826,$511.62 
9004,Victoria,Clark,223-164-7074,"$1,622.72 "
1888,Abigail,Scott,?,"$9,040.80 "
3635,Ava,Jones,491-156-4077,"$15,420.93 "
5830,Lucas,Wilson,206-329-7506,"$4,806.15 "
1792,Isabella,Harris,116-646-4694,"$8,176.05 "
5730,Madison,Sanders,418-855-8877,"$5,259.84 "
4462,Ava,Alexander,772-735-5156,"$2,726.63 "
8573,Emily,Lewis,899-620-5153,"$27,407.67 "
2403,Noah,Ramirez,352-942-2100,"$47,774.77 "
8268,Elizabeth,Mitchell,935-562-1403,"$4,323.28 "
3698,Joseph,Perez,676-713-8027,"$10,942.85 "
3670,Abigail,Davis,595-711-6564,"$3,170.26 "
7172,Chloe,Ramirez,739-573-5539,nan
6232,Olivia,Morales,267-656-6323,"$7,937.08 "
1110,Harper,Brown,819-307-8465,"$6,597.15 "
9176,Madison,Wallace,860-542-8364,"$9,495.80 "
8588,Matthew,Parker,579-100-3090,"$3,753.95 "
1892,Lucas,Martinez,790-971-4857,"$18,813.89 "
7437,Mason,Sanders,530-298-5541,"$3,622.51 "
4170,Charlotte,Young,484-520-2909,"$8,928.35 "
6885,Lucas,Cox,494-352-4925,"$25,108.23 "
9117,Alexander,Johnson,821-191-1674,"$26,694.11 "
5069,Victoria,Perry,201-294-5169,"$4,422.63 "
4637,Gabriel,Moore,nan,"$7,461.66 "
2747,Oliver,Alexander,nan,"$6,095.41 "
3539,Noah,Miller,265-580-7279,"$6,174.55 "
4469,Madison,Moore,762-917-3614,"$2,336.84 "
1588,Emily,Bryant,213-412-2751,"$6,016.86 "
2049,James,Thomas,943-877-7066,"$4,856.07 "
5899,Grace,Scott,326-379-7109,$946.21 
6592,Emma,Alexander,492-965-3390,"$2,919.04 "
3919,Isabella,Smith,718-426-8318,"$1,423.20 "
1508,Isabella,Powell,750-443-5553,"$15,069.74 "
2766,Daniel,Moore,786-780-5766,"$21,924.86 "
6805,Daniel,Reyes,607-906-8616,"$13,899.62 "
4377,Lucas,Garcia,161-976-7306,"$8,113.79 "
7822,Isabella,Harris,nan,"$3,038.87 "
8508,Michael,Cox,652-852-1248,"$9,241.99 "
9041,Harper,Bryant,532-887-3452,"$5,311.81 "
8894,Madison,Harris,871-249-8177,$718.64 
3187,Chloe,Ramirez,505-175-3559,"$27,858.45 "
7687,Lucas,Young,118-495-1884,"$20,850.76 "
4310,Charlotte,Taylor,?,"$4,071.14 "
7435,Samuel,Walker,103-605-4967,$529.03 
4437,Daniel,Wallace,607-692-8948,"$21,879.90 "
7077,William,Miller,403-786-8908,"$7,451.63 "
2960,Mia,Smith,337-231-6164,"$14,469.20 "
8094,Olivia,Brown,257-173-8854,"$13,954.25 "
6179,Joseph,Morales,904-240-3703,"$10,654.77 "
6199,Olivia,Perez,988-973-2576,"$2,178.09 "
5678,Michael,Griffin,508-666-8594,"$4,847.47 "
6919,Liam,Harris,675-689-5801,"$17,316.84 "
5543,Emma,Hall,566-515-6906,$901.23 
4452,Daniel,Brown,404-493-6759,"$8,279.17 "
6835,Emily,Taylor,384-871-5619,$907.24 
7391,Isabella,Bailey,474-968-5565,"$1,326.67 "
6927,Matthew,Moore,244-703-2661,"$29,639.99 "
8870,Matthew,Alexander,209-882-7213,"$8,861.36 "
7727,Mason,Taylor,932-549-4027,"$2,677.09 "
7342,James,Wilson,586-545-7320,"$10,902.52 "
5597,Elizabeth,Davis,645-996-7861,"$6,284.06 "
6731,Abigail,Simmons,876-817-3069,$757.56 
4719,Aiden,Thomas,157-746-5801,"$4,135.36 "
2625,Andrew,Griffin,832-971-3118,"$2,563.87 "
8717,Benjamin,Morales,535-724-4043,$374.17 
7116,Logan,Diaz,913-416-9892,"$20,733.75 "
9817,Charlotte,Reyes,?,"$2,645.52 "
4778,Amelia,Bailey,382-173-4704,"$10,526.73 "
8657,Lucas,Martinez,395-725-3125,"$20,585.63 "
1243,Emma,Powell,578-743-3579,"$2,910.54 "
4766,James,Brown,?,"$1,224.69 "
2655,Evelyn,Moore,nan,"$11,984.28 "
3595,Michael,Clark,584-219-5699,"$15,079.65 "
8880,Logan,Mitchell,475-584-4304,"$45,840.96 "
3907,Samuel,Hall,756-720-9723,"$8,417.81 "
2853,Gabriel,Hernandez,654-304-8266,"$18,200.91 "
7142,Mia,Garcia,153-104-5108,"$7,020.20 "
8639,Amelia,Watson,991-710-1772,$727.16 
9481,Emma,Taylor,362-943-1750,?
1806,Joseph,Perry,780-120-6492,"$11,899.56 "
5335,Henry,Martinez,177-216-2465,"$17,026.68 "
4073,Oliver,Jones,?,?
8201,Noah,Parker,817-238-5940,"$13,094.12 "
1734,Liam,Taylor,532-277-8571,"$27,085.91 "
6720,Amelia,Wallace,476-874-3885,"$4,218.94 "
4160,Harper,Diaz,828-269-7462,$259.31 
7337,James,Wilson,880-732-2948,"$11,535.60 "
9264,Oliver,Russell,524-453-8664,"$5,425.37 "
9639,Liam,Wallace,228-895-9636,?
9651,Lucas,Watson,145-248-9858,$569.03 
5204,Olivia,Garcia,105-315-3119,"$4,847.29 "
7054,Sofia,Foster,577-628-3792,"$6,049.59 "
6092,Abigail,Cox,371-107-2912,$407.67 
4600,William,Perez,759-534-4271,"$12,630.75 "
8737,Sofia,Perry,893-760-6172,"$4,757.67 "
3418,Sophia,Young,697-857-9023,"$3,653.71 "
1337,Sofia,Hernandez,651-664-3942,$646.54 
7849,Mason,Hall,550-924-3371,"$8,753.72 "
5549,Benjamin,Simmons,321-461-4553,"$7,282.62 "
5287,Amelia,Sanders,639-190-6713,$262.85 
5563,Andrew,Young,119-619-7538,"$24,386.88 "
2877,Elizabeth,Griffin,370-681-3089,"$7,591.47 "
7612,Olivia,Moore,272-247-6059,"$9,265.84 "
5770,Michael,Alexander,?,"$14,409.13 "
8883,Madison,Russell,nan,$61.61 
9972,Olivia,Simmons,318-660-8208,"$13,941.57 "
8917,Sofia,Reyes,339-496-4274,$495.76 
9077,Alexander,Jones,584-661-1380,$505.52 
4028,Henry,Alexander,265-287-5248,"$4,576.77 "
9980,Aiden,Walker,221-892-2236,"$4,766.26 "
9293,Evelyn,Davis,441-194-1339,"$7,233.70 "
9609,Harper,Watson,447-894-7241,"$19,745.06 "
8081,Noah,Wallace,nan,"$3,508.76 "
1560,Elijah,Young,925-765-1817,"$9,882.05 "
5263,Olivia,Jones,840-515-1661,"$16,336.96 "
6523,Charlotte,Perez,132-918-9734,"$1,567.88 "
7317,Abigail,Hernandez,301-445-9155,"$42,315.98 "
9760,Olivia,Mitchell,267-620-7136,nan
5518,Sophia,Scott,448-527-9200,"$17,058.66 "
3231,Isabella,Ramirez,567-708-9532,"$1,818.65 "
4940,Harper,Diaz,296-515-2652,nan
8764,Madison,Brown,nan,"$9,461.05 "
1746,Victoria,Foster,258-961-1671,"$20,745.55 "
3312,Madison,Wallace,921-853-2592,"$24,412.86 "
3720,Daniel,Sanders,297-714-5477,"$11,057.90 "
1796,Lucas,Garcia,917-855-2834,"$1,245.24 "
2003,Sofia,Davis,150-426-6414,$715.52 
5886,Aiden,Martinez,600-938-3050,"$10,059.12 "
3034,Benjamin,Morales,114-826-8393,"$1,301.34 "
3175,Gabriel,Wilson,?,"$4,563.01 "
5760,Benjamin,Moore,290-709-8940,"$9,174.77 "
3308,Emily,Harris,286-650-9140,"$3,494.40 "
1503,Alexander,Wallace,913-861-4249,"$9,253.97 "
8066,Sophia,Mitchell,144-529-5174,$835.26 
5341,Isabella,Thomas,336-331-2393,"$9,777.69 "
6783,Charlotte,Russell,?,"$3,897.08 "
7178,David,Ramirez,nan,"$9,347.61 "
1009,Victoria,Diaz,489-566-3682,nan
7483,Michael,Brown,nan,"$20,179.04 "
2418,Emma,Ramirez,122-423-6814,"$34,668.97 "
8827,Avery,Davis,561-926-6913,"$9,912.31 "
4938,Sophia,Harris,302-368-9414,$797.79 
2090,Elijah,Bryant,551-588-7815,"$4,034.09 "
8752,Joseph,Simmons,728-855-6282,"$4,831.24 "
1156,Isabella,Sanders,110-736-7849,"$30,313.80 "
4577,Henry,Russell,445-282-8150,"$2,156.63 "
1711,David,Perez,271-497-9284,"$10,650.14 "
2478,William,Martinez,800-528-3434,"$10,187.60 "
2516,Amelia,Diaz,975-796-4220,"$6,499.68 "
3841,James,Jones,113-243-8173,"$7,645.52 "
3883,Michael,Harris,104-458-6898,"$17,044.83 "
4410,Liam,Alexander,nan,"$1,444.03 "
4832,Ava,Bryant,283-841-1400,"$1,185.29 "
4252,Grace,Jones,486-107-4333,"$21,673.63 "
3840,Benjamin,Lewis,774-581-9884,"$8,881.08 "
5903,Aiden,Simmons,334-484-9739,"$3,390.17 "
7466,Liam,Simmons,555-773-5186,"$1,309.12 "
5110,Alexander,Parker,385-534-9138,"$11,979.62 "
4271,Lucas,Reyes,310-783-7788,"$22,925.93 "
6176,Sophia,Griffin,550-845-5719,"$7,376.51 "
3188,Olivia,Harris,704-670-7928,"$7,797.43 "
6673,Harper,Scott,750-704-7054,"$1,495.17 "
5882,Abigail,Russell,537-578-4145,"$25,441.75 "
2904,Mason,Griffin,nan,"$15,088.01 "
4733,Michael,Griffin,182-259-9170,"$46,013.91 "
2173,Gabriel,Clark,337-584-3316,"$12,261.87 "
5531,Chloe,Martinez,311-374-6492,"$12,210.62 "
5732,Emma,Simmons,648-561-2338,nan
4664,Elijah,Bryant,286-318-1515,"$14,774.16 "
2467,William,Perez,817-751-4193,"$5,690.17 "
1755,Joseph,Jones,253-692-9740,"$3,766.13 "
1640,James,Wilson,342-141-6349,"$8,629.23 "
2657,Matthew,Garcia,855-892-3185,"$3,147.03 "
8879,Samuel,Griffin,905-617-2807,"$6,199.05 "
1399,Matthew,Clark,801-269-9275,"$6,904.44 "
1671,Mason,Perry,474-402-9465,"$17,830.00 "
3972,Daniel,Wallace,972-747-1706,"$4,797.84 "
1028,James,Perry,?,"$1,692.75 "
6594,Chloe,Sanders,664-663-8432,"$5,540.84 "
8242,Amelia,Diaz,916-866-6162,"$8,180.01 "
4883,Abigail,Thomas,217-597-7511,$283.76 
8086,Sophia,Morales,377-458-4048,"$9,351.38 "
2351,Abigail,Hernandez,273-377-4503,"$15,502.55 "
8144,Olivia,Garcia,285-551-6760,"$8,826.79 "
1931,Noah,Miller,820-796-3952,"$5,741.16 "
5772,Harper,Lewis,261-918-9504,"$2,003.90 "
5329,Samuel,Griffin,115-290-1853,"$1,733.83 "
4846,Elijah,Thomas,750-295-5936,$102.36 
1668,Oliver,Miller,395-868-3329,"$5,996.62 "
7052,Sofia,Perez,891-848-9363,"$2,941.53 "
3382,Liam,Garcia,391-303-6241,"$2,418.85 "
1804,Liam,Hall,271-263-2907,"$9,706.08 "
6312,David,Smith,282-668-4719,$542.70 
4768,Liam,Russell,682-420-9907,nan
8122,Logan,Martinez,683-120-9054,"$4,470.37 "
4633,Oliver,Parker,903-627-2197,$912.98 
1174,Avery,Harris,616-146-5026,"$10,523.72 "
9149,David,Garcia,321-657-2310,"$8,427.45 "
7102,Emma,Scott,788-289-3813,"$1,444.11 "
5512,Ava,Hernandez,599-411-3324,"$4,200.41 "
2148,Samuel,Foster,762-523-7886,"$35,563.87 "
3876,Henry,Russell,842-513-9579,$36.13 
5511,Noah,Cox,430-805-2176,"$13,512.17 "
8915,Charlotte,Brown,523-378-4081,$996.33 
2813,James,Scott,993-401-8057,"$15,891.76 "
4788,Liam,Davis,880-161-9543,"$15,498.20 "
7934,Charlotte,Walker,?,"$9,715.63 "
4139,Noah,Simmons,239-218-2771,"$2,380.60 "
5457,Samuel,Taylor,596-430-9511,"$15,107.64 "
8112,Elijah,Scott,178-133-3223,"$24,069.16 "
2454,Sofia,Moore,676-793-4138,"$19,243.74 "
4428,Emily,Wallace,566-358-3928,"$3,417.87 "
3958,Andrew,Miller,558-724-7103,"$28,493.65 "
2592,Benjamin,Harris,317-626-4125,$409.55 
6563,Andrew,Davis,720-814-3408,"$2,732.55 "
4078,Matthew,Moore,657-771-2281,"$39,601.46 "
4712,Alexander,Brown,241-735-7738,$698.41 
8157,Harper,Clark,473-849-7303,"$1,455.60 "
9858,Gabriel,Foster,198-918-7840,"$2,539.94 "
7334,Mason,Foster,881-904-7796,"$4,262.16 "
1775,Abigail,Martinez,425-780-4009,"$57,576.96 "
8793,Matthew,Ramirez,501-430-3549,"$1,830.42 "
9177,Alexander,Reyes,710-105-4063,"$6,059.59 "
5610,Chloe,Griffin,358-865-3790,"$3,621.02 "
8246,Logan,Diaz,536-333-3325,"$20,080.57 "
7080,Harper,Sanders,?,"$17,129.31 "
2185,Matthew,Sanders,204-719-6139,"$6,881.14 "
4078,Alexander,Hall,516-842-5565,"$14,918.92 "
7700,William,Powell,260-537-1747,"$10,284.38 "
1635,Grace,Jones,646-572-4781,$592.76 
8459,James,Harris,701-621-2123,"$5,212.93 "
1561,Avery,Sanders,988-473-6845,"$3,134.00 "
9799,James,Scott,408-669-2566,"$14,054.24 "
9997,Logan,Harris,400-415-3706,$379.47 
5547,Gabriel,Taylor,nan,"$23,081.09 "
1256,Charlotte,Walker,663-430-2989,"$9,631.13 "
4639,Noah,Perez,993-835-8384,"$12,154.25 "
1542,Charlotte,Scott,302-858-8020,"$1,486.89 "
4618,Aiden,Young,254-556-9636,"$15,243.58 "
3010,David,Cox,826-940-3151,$274.10 
1538,Samuel,Wallace,397-892-9578,$814.86 
2188,Chloe,Bailey,354-911-3304,"$1,936.58 "
1386,William,Lewis,865-593-8392,$31.60 
5962,Sofia,Garcia,200-285-8597,"$38,628.55 "
6177,Sophia,Parker,378-874-4231,"$19,940.11 "
5524,Abigail,Bailey,706-604-8880,"$1,727.73 "
9149,Elizabeth,Wallace,435-486-5974,$368.17 
1901,Madison,Wilson,382-775-6647,"$15,806.64 "
4586,Benjamin,Ramirez,275-855-9172,"$7,880.91 "
3376,Samuel,Simmons,694-845-3267,"$7,172.58 "
8999,Elizabeth,Walker,249-691-1815,"$21,102.14 "
4920,Alexander,Young,398-689-2206,"$47,286.02 "
9141,Andrew,Hall,199-506-7408,"$3,779.59 "
1989,Mason,Cox,377-441-6219,"$5,554.88 "
5089,William,Davis,999-509-2240,"$35,495.27 "
5398,Oliver,Ramirez,660-223-4304,"$9,168.38 "
3895,Mason,Moore,705-615-7995,"$6,493.00 "
2061,Joseph,Powell,271-785-1064,"$4,601.01 "
4711,Sophia,Johnson,608-508-6293,"$12,668.54 "
6590,Emma,Garcia,531-816-3989,"$13,770.19 "
5966,Amelia,Miller,536-691-1026,"$4,848.64 "
9038,Chloe,Jones,966-759-3994,"$1,098.22 "
4740,Benjamin,Perry,628-657-4937,"$9,194.57 "
9042,Olivia,Smith,657-750-9656,"$3,027.05 "
7769,Charlotte,Perry,?,"$15,501.86 "
6061,Elizabeth,Taylor,178-255-7692,"$19,434.94 "
9014,Aiden,Thomas,858-939-1056,"$7,679.27 "
1764,Matthew,Young,843-643-5328,$919.38 
1489,Lucas,Scott,687-282-7026,"$29,511.75 "
9161,Harper,Alexander,445-813-9084,"$10,797.72 "
1361,Gabriel,Thomas,335-132-2598,"$4,606.27 "
9493,Liam,Bryant,725-838-4009,"$1,273.23 "
2087,Noah,Simmons,392-536-7991,"$16,727.37 "
2129,Sofia,Lewis,561-336-3266,"$7,154.52 "
3192,Abigail,Alexander,215-164-7618,nan
4353,Daniel,Cox,544-183-4499,"$1,508.90 "
8972,Emma,Jones,230-857-5035,"$5,488.07 "
3783,Victoria,Harris,534-848-1486,"$25,692.70 "
4992,Victoria,Griffin,627-372-6783,"$2,917.07 "
5628,Daniel,Simmons,436-267-5486,"$11,135.60 "
7242,Grace,Reyes,473-419-1622,"$4,413.04 "
9365,Mia,Brown,517-970-5784,$981.12 
4341,Gabriel,Walker,969-733-8288,"$13,520.39 "
9697,Joseph,Cox,322-396-4057,"$6,486.25 "
6260,Madison,Diaz,513-795-1287,$735.38 
3899,Isabella,Mitchell,215-678-4749,"$29,171.50 "
8839,Lucas,Parker,584-449-2298,$547.18 
2361,James,Lewis,546-358-1334,"$3,809.04 "
2251,Emily,Cox,514-587-4889,"$2,488.05 "
5391,Samuel,Bryant,160-627-9230,"$12,406.78 "
4166,Abigail,Miller,753-335-6719,"$33,149.23 "
2152,Olivia,Alexander,575-791-6689,"$1,717.55 "
7969,Chloe,Young,842-862-4942,$498.89 
7171,Mia,Garcia,663-789-9242,"$4,655.63 "
9214,Emma,Martinez,642-912-6075,"$4,935.21 "
1374,Madison,Clark,215-682-8477,$462.36 
1850,Emma,Bailey,874-979-4529,"$17,882.22 "
3379,Benjamin,Wilson,462-797-4786,"$32,334.15 "
5422,Gabriel,Martinez,971-732-7662,"$9,771.55 "
5550,Mia,Foster,571-288-6489,"$8,757.02 "
2394,Noah,Mitchell,813-583-6267,"$32,894.45 "
9185,Andrew,Perez,412-136-1915,"$2,648.28 "
3641,Emma,Taylor,936-110-1604,"$13,937.78 "
7439,Joseph,Moore,882-576-7581,"$7,782.85 "
4797,Ava,Bailey,280-642-5281,"$10,187.10 "
5856,Alexander,Simmons,752-583-4271,"$20,175.10 "
1926,Ava,Russell,217-249-6854,"$13,764.76 "
8407,Matthew,Wallace,966-440-8191,"$10,315.62 "
8936,Andrew,Young,991-463-5638,"$4,646.41 "
8577,Michael,Bailey,405-578-7367,"$1,027.28 "
5117,Oliver,Reyes,758-451-4090,"$53,271.52 "
8817,Sophia,Wallace,909-704-5449,"$16,216.62 "
3207,Sofia,Walker,290-109-4250,"$24,951.83 "
3673,Mason,Ramirez,500-627-6448,"$11,223.50 "
5107,Elizabeth,Foster,589-252-4835,?
7374,Noah,Ramirez,296-795-6898,"$8,277.22 "
5613,Mia,Miller,944-815-7361,"$6,342.65 "
1332,Sofia,Jones,400-243-6819,"$16,959.75 "
3273,Mason,Brown,988-238-9896,"$10,050.29 "
9595,Noah,Wallace,963-321-3921,"$11,819.37 "
3631,Aiden,Morales,314-752-6883,"$25,356.32 "
3789,Evelyn,Hall,707-863-6786,"$11,261.46 "
3730,Sofia,Miller,nan,"$14,430.60 "
3197,Sophia,Hernandez,356-528-6343,"$6,065.27 "
3031,Samuel,Diaz,372-654-8376,"$7,801.15 "
6704,Victoria,Mitchell,339-124-1783,"$14,725.44 "
5962,Isabella,Harris,920-708-6290,"$5,499.21 "
9905,Emma,Russell,749-124-9346,"$7,710.35 "
3560,Elijah,Ramirez,303-919-8764,"$1,467.86 "
5324,Avery,Clark,108-829-9524,"$2,403.81 "
4124,Evelyn,Young,220-582-7890,$146.09 
9809,Chloe,Wilson,486-960-6424,"$2,912.58 "
1613,Benjamin,Scott,908-348-1234,"$33,503.51 "
9430,Oliver,Clark,579-173-7485,"$21,713.52 "
3820,Elijah,Harris,165-657-2199,"$4,973.54 "
6995,Michael,Powell,788-680-2635,"$4,747.20 "
3877,Matthew,Brown,906-799-6690,"$8,716.33 "
7724,Ava,Cox,434-524-3377,"$1,028.13 "
7223,Noah,Moore,848-512-3560,$602.07 
3169,Harper,Clark,375-895-3327,"$18,355.59 "
2970,Henry,Wilson,?,"$9,788.94 "
4231,James,Thomas,493-393-3980,"$33,358.63 "
7545,Harper,Davis,116-227-3570,"$1,968.82 "
6246,Oliver,Walker,440-296-6513,"$3,264.16 "
2714,Mason,Powell,675-523-8253,"$5,319.98 "
2169,Isabella,Hall,439-621-6638,"$8,058.03 "
6800,Sofia,Young,785-142-1907,"$9,249.84 "
6731,Charlotte,Brown,380-413-7488,"$44,735.16 "
1945,Matthew,Sanders,288-131-3336,"$3,658.59 "
1436,Victoria,Watson,919-954-1024,"$13,210.04 "
4484,Victoria,Harris,758-335-9389,"$9,957.52 "
2684,Amelia,Garcia,232-543-4932,"$10,946.64 "
2128,Matthew,Powell,874-945-5450,"$3,700.89 "
3971,Michael,Wilson,835-986-7705,"$29,358.27 "
9805,Isabella,Bailey,979-670-6784,"$4,236.73 "
2904,Henry,Perry,513-567-4769,"$1,211.00 "
4482,Victoria,Simmons,842-183-3977,"$19,807.52 "
8014,Elizabeth,Harris,914-949-6296,"$1,839.02 "
3441,Andrew,Perry,751-683-7711,"$9,309.65 "
1619,Andrew,Martinez,398-123-5842,"$3,917.83 "
6644,Madison,Hernandez,204-488-9802,"$16,991.32 "
2898,Michael,Hall,235-320-2224,"$15,394.36 "
6532,James,Hernandez,?,"$5,382.94 "
6838,Oliver,Jones,558-638-6096,"$4,802.26 "
3460,Oliver,Lewis,972-338-3158,$114.85 
3996,Harper,Harris,321-512-2085,"$7,857.20 "
7111,Emily,Clark,987-395-8655,"$5,155.42 "
3682,Sofia,Griffin,?,"$1,739.11 "
4653,Oliver,Taylor,nan,"$26,321.53 "
1394,Oliver,Scott,909-802-5393,"$19,292.86 "
2443,Lucas,Moore,878-486-7979,"$21,780.14 "
7806,Lucas,Clark,567-299-7013,"$13,313.10 "
2241,Chloe,Johnson,496-196-8405,"$14,521.85 "
2902,Aiden,Simmons,169-385-9874,"$4,031.13 "
6672,Harper,Garcia,520-914-8888,$367.31 
1667,Olivia,Parker,641-156-8337,"$2,158.26 "
3615,Mason,Smith,411-437-8722,"$7,342.30 "
1544,Emily,Walker,661-691-1274,"$16,195.32 "
4529,Emily,Reyes,563-866-1233,"$26,151.05 "
7528,Chloe,Mitchell,406-143-1943,"$4,747.40 "
1352,Amelia,Hall,519-110-2218,"$11,552.41 "
2562,Madison,Sanders,850-530-6412,"$6,097.19 "
5292,Charlotte,Simmons,446-846-8016,$791.90 
7257,Liam,Russell,823-171-9454,"$5,173.34 "
7387,Elizabeth,Mitchell,922-304-8665,"$8,395.06 "
5707,Oliver,Russell,438-925-5514,"$10,691.38 "
1552,Isabella,Davis,531-651-9287,"$17,399.51 "
5546,Grace,Davis,278-832-4901,"$7,907.91 "
1707,Isabella,Brown,359-570-9325,"$23,648.13 "
5341,Gabriel,Clark,727-477-1322,$316.32 
2588,Ava,Russell,681-285-1089,"$3,147.61 "
1774,Olivia,Bailey,644-440-6177,"$16,260.61 "
5362,Evelyn,Miller,385-111-2710,"$1,739.17 "
5689,Sofia,Miller,837-755-2731,"$3,056.25 "
7373,Madison,Garcia,146-272-9707,?
4620,Matthew,Walker,968-976-7098,?
8715,Grace,Sanders,999-481-2403,$201.84 
7470,Andrew,Hall,830-167-6529,"$4,708.29 "
1277,Andrew,Johnson,932-339-4640,"$2,508.28 "
5235,Victoria,Simmons,958-771-2559,"$2,320.54 "
9972,Evelyn,Wilson,197-246-9888,"$3,014.94 "
1057,Joseph,Moore,560-419-2772,"$3,024.07 "
6858,Mia,Thomas,431-373-8210,"$6,142.55 "
5436,James,Wallace,?,$963.62 
6957,James,Bailey,193-151-8232,"$10,584.34 "
6100,Mia,Parker,405-891-1540,"$1,167.37 "
8572,Isabella,Bailey,735-303-4422,"$14,478.33 "
6523,Emma,Cox,518-888-8376,"$9,809.25 "
9405,Victoria,Johnson,556-451-7665,"$3,530.51 "
3101,Avery,Perry,271-617-4822,"$30,711.82 "
6679,Michael,Cox,408-775-1549,$844.77 
5101,Matthew,Harris,913-746-4640,"$7,247.44 "
7333,Logan,Foster,708-257-7999,"$8,545.57 "
4962,Emily,Harris,539-560-2582,"$28,299.02 "
7277,Abigail,Johnson,586-855-8675,"$11,695.13 "
7391,Andrew,Thomas,359-286-9947,"$24,767.18 "
6827,Harper,Garcia,208-872-4646,"$2,998.90 "
9074,Oliver,Walker,900-699-7541,"$18,637.67 "
1096,William,Powell,452-703-8516,"$9,223.30 "
4646,Sophia,Moore,611-640-8407,"$16,395.13 "
7646,Gabriel,Cox,987-994-7462,"$4,618.04 "
2313,Liam,Powell,366-225-5220,"$11,403.62 "
9339,Lucas,Clark,585-802-9977,"$28,274.08 "
1957,David,Smith,862-505-8867,$52.26 
4228,Victoria,Mitchell,589-979-3663,"$6,140.31 "
6969,James,Harris,671-877-6637,"$27,746.85 "
3081,Chloe,Walker,916-370-3473,"$12,921.16 "
2140,Gabriel,Parker,823-137-3939,"$8,088.51 "
4494,Isabella,Thomas,608-224-8768,?
6882,Samuel,Miller,224-286-5218,"$3,900.65 "
1494,James,Young,150-933-2156,"$9,713.55 "
1085,Grace,Hall,992-502-4172,$779.44 
2598,Charlotte,Bryant,102-596-2296,"$6,601.34 "
8949,David,Martinez,?,"$1,288.41 "
4538,Michael,Mitchell,565-542-6443,"$3,148.54 "
8901,William,Parker,802-235-4565,"$14,576.43 "
7311,Noah,Powell,572-302-1051,"$4,094.16 "
3962,Evelyn,Bryant,928-457-2226,"$16,327.19 "
5459,Grace,Bryant,457-490-7491,"$21,771.04 "
8295,Matthew,Griffin,663-931-2264,"$1,077.25 "
5223,Emma,Morales,954-763-4176,"$20,556.88 "
1795,Logan,Griffin,304-570-8516,"$1,286.56 "
3021,Madison,Jones,982-595-7860,$877.47 
1954,Ava,Taylor,739-948-8602,"$10,364.80 "
8341,Logan,Alexander,678-932-3265,"$1,870.28 "
8580,Samuel,Mitchell,?,"$2,935.23 "
1306,Harper,Johnson,280-387-1141,"$2,950.31 "
1060,Elijah,Wallace,587-646-3936,"$17,249.21 "
3790,Grace,Bailey,nan,$791.22 
8079,Emily,Alexander,nan,$120.75 
7300,Amelia,Reyes,814-836-9578,"$1,248.54 "
1915,Amelia,Morales,241-266-2535,"$17,680.82 "
7350,David,Diaz,684-712-3080,"$1,455.69 "
8727,Emily,Powell,389-586-3375,"$17,946.77 "
1970,Noah,Taylor,848-866-5739,"$1,024.25 "
7787,Charlotte,Hernandez,676-217-9603,"$5,455.78 "
8896,Mia,Perry,721-579-6463,"$29,357.66 "
6476,Lucas,Griffin,858-661-5310,"$28,775.70 "
2734,Gabriel,Reyes,778-379-6632,"$16,682.89 "
8165,Emily,Bailey,610-925-3790,"$4,961.20 "
5117,Harper,Bryant,825-418-1579,"$14,149.89 "
9348,Michael,Clark,141-474-4162,"$2,565.97 "
5878,Evelyn,Wallace,289-788-5156,"$3,246.95 "
2710,Grace,Clark,804-646-9504,?
3703,Samuel,Wilson,281-116-4961,$344.80 
7020,Logan,Reyes,489-218-9695,"$11,093.10 "
8563,Ava,Perez,516-143-1126,"$41,346.38 "
9342,Madison,Hernandez,199-473-1023,"$6,647.06 "
4990,Sofia,Walker,985-617-5008,"$2,485.34 "
8277,Victoria,Russell,561-170-1099,"$2,610.42 "
3200,James,Cox,442-280-6989,"$7,760.65 "
5742,Liam,Moore,271-290-9988,"$1,677.03 "
7181,Madison,Jones,279-598-3491,"$15,853.69 "
2644,Logan,Martinez,644-528-4601,"$32,660.68 "
3840,Victoria,Smith,217-302-7904,"$2,967.60 "
8884,Emma,Wallace,909-369-8054,"$8,144.86 "
2300,Avery,Parker,417-373-9114,"$12,043.14 "
8320,Elijah,Bryant,255-400-9338,"$7,322.61 "
9850,Liam,Watson,608-595-7921,"$8,668.00 "
3525,Abigail,Young,582-780-2538,"$16,254.75 "
4247,Mason,Diaz,828-242-5943,"$10,658.91 "
9374,Evelyn,Powell,618-473-4604,"$4,628.93 "
2143,Samuel,Alexander,269-364-1501,"$10,921.34 "
8888,Matthew,Moore,205-684-7484,"$7,355.88 "
7966,Chloe,Hall,nan,"$16,372.02 "
1718,Ava,Garcia,656-826-6289,$856.76 
1777,Avery,Wilson,869-870-3357,"$10,173.64 "
5415,Matthew,Morales,546-926-2610,nan
4191,Elizabeth,Clark,621-873-5980,"$60,469.16 "
7494,Elijah,Russell,242-998-1577,$386.95 
6584,Matthew,Young,485-426-8830,"$6,263.76 "
3392,Gabriel,Johnson,568-709-9633,?
8786,Oliver,Wallace,512-676-1295,"$1,221.86 "
1098,Andrew,Russell,155-939-5114,"$1,195.47 "
8533,Madison,Powell,525-419-1236,"$20,334.00 "
8559,Abigail,Moore,532-203-3723,"$10,839.96 "
9701,Andrew,Davis,660-802-9108,"$23,698.19 "
2674,Grace,Clark,569-102-6404,"$25,437.25 "
9704,Elizabeth,Garcia,288-502-3442,"$23,086.07 "
1058,Charlotte,Sanders,200-521-4659,"$2,309.73 "
7618,Matthew,Alexander,936-790-5273,"$10,878.09 "
5595,Benjamin,Alexander,201-929-1766,"$4,184.75 "
8230,Olivia,Reyes,385-707-6621,"$16,366.17 "
4690,Daniel,Parker,814-209-6569,"$8,942.36 "
2242,Andrew,Parker,nan,"$15,432.28 "
7593,Ava,Wallace,569-689-8232,"$20,590.35 "
7161,James,Young,457-160-5359,"$2,393.80 "
8579,Daniel,Young,?,"$9,918.71 "
8345,Elizabeth,Perez,357-376-7517,"$2,195.95 "
6021,Charlotte,Griffin,349-947-8446,"$8,764.56 "
1661,Elizabeth,Taylor,961-501-6917,"$18,225.87 "
8996,Abigail,Thomas,996-973-6359,"$5,302.93 "
3074,Sofia,Alexander,515-143-9157,"$8,544.75 "
2227,Emma,Young,130-524-1629,"$38,030.23 "
7570,Elijah,Scott,742-473-1737,"$17,879.54 "
9382,Victoria,Hall,777-352-1978,"$4,816.88 "
1102,Mason,Scott,826-725-6525,"$11,217.49 "
8718,Sophia,Ramirez,130-846-7456,"$3,956.23 "
2563,Joseph,Clark,184-749-6431,"$7,155.35 "
1645,Olivia,Griffin,438-103-2413,"$23,368.12 "
3182,Henry,Brown,896-554-3655,"$12,006.85 "
6677,Mia,Lewis,339-907-9183,$795.36 
5105,Logan,Parker,359-254-8803,"$1,423.88 "
7360,Mason,Simmons,148-650-4021,"$4,765.30 "
2662,Samuel,Wilson,719-470-2445,"$7,014.48 "
7956,Harper,Moore,222-787-4614,"$12,033.02 "
6186,Aiden,Bryant,384-750-9016,"$4,149.35 "
9915,Isabella,Simmons,992-675-8526,"$1,843.76 "
4067,Mason,Walker,239-666-1731,"$4,484.79 "
1694,Gabriel,Parker,686-664-9996,$24.87 
7354,Daniel,Sanders,962-671-5076,"$7,299.75 "
6216,Avery,Brown,542-490-4527,"$27,763.39 "
5516,Emily,Simmons,920-748-5181,"$5,077.51 "
2478,Matthew,Diaz,nan,"$3,905.42 "
3873,Logan,Griffin,543-698-9682,"$10,629.42 "
2469,Aiden,Moore,131-876-9040,"$54,040.29 "
3768,Lucas,Thomas,314-123-1965,"$18,233.10 "
9899,Amelia,Sanders,567-434-6836,"$14,016.10 "
2693,Michael,Bailey,916-845-5328,$863.60 
8535,Daniel,Brown,584-518-5858,"$9,224.21 "
9811,Henry,Martinez,469-617-3829,"$34,415.03 "
6145,Elijah,Brown,837-657-5517,"$6,758.69 "
7276,Evelyn,Thomas,631-492-3395,"$30,531.22 "
8185,Sophia,Mitchell,875-119-7760,$934.97 
9125,Oliver,Hernandez,839-808-5495,"$6,026.74 "
7172,Lucas,Hall,504-949-8262,"$2,179.94 "
3526,Olivia,Lewis,628-797-8479,"$1,595.24 "
5335,James,Young,621-554-6984,"$4,774.19 "
9733,Victoria,Scott,114-356-8968,"$9,634.34 "
3443,Noah,Martinez,228-624-5932,"$1,359.32 "
1797,Mason,Taylor,822-919-9781,"$8,446.16 "
3963,Avery,Martinez,611-340-8376,"$8,525.67 "
6222,Joseph,Smith,887-414-1103,"$33,326.36 "
3498,Daniel,Reyes,568-185-2840,"$2,246.36 "
4192,Sofia,Russell,376-654-6511,"$8,122.47 "
9998,Sophia,Miller,454-734-8947,"$23,044.04 "
5446,William,Sanders,750-271-3272,"$15,286.34 "
2961,Joseph,Walker,244-565-6401,"$14,526.92 "
4656,David,Sanders,327-277-8184,"$3,345.83 "
2590,Michael,Ramirez,938-849-3309,"$7,466.73 "
1970,Elijah,Griffin,250-972-3536,"$4,800.12 "
9635,Michael,Harris,223-723-5706,"$11,691.32 "
1035,Oliver,Moore,206-934-4845,?
5352,Sofia,Johnson,381-699-1800,"$8,890.54 "
5188,Ava,Bailey,529-640-8353,"$2,417.57 "
7255,Evelyn,Watson,530-369-4387,"$31,990.30 "
3416,Ava,Smith,781-910-7379,"$20,096.06 "
6305,Elizabeth,Scott,619-957-6401,"$10,555.26 "
9095,Samuel,Moore,764-163-4797,"$12,869.57 "
5351,Grace,Bailey,529-735-5867,"$22,679.24 "
2416,Logan,Smith,868-774-8952,"$2,186.34 "
3252,Samuel,Martinez,898-939-1332,"$2,951.99 "
5823,Samuel,Smith,567-545-3957,"$14,025.78 "
9588,Samuel,Lewis,nan,"$38,494.49 "
9048,Grace,Perez,142-440-8559,"$10,310.02 "
7241,Victoria,Smith,171-778-4008,"$20,452.87 "
8078,Evelyn,Johnson,593-657-5073,?
1227,Victoria,Bailey,396-644-9773,"$15,562.06 "
9702,Madison,Perry,648-685-6442,"$8,040.81 "
1013,Noah,Sanders,441-370-3381,"$26,055.18 "
9600,Noah,Johnson,657-832-1876,"$4,634.92 "
4144,Abigail,Brown,732-923-7842,"$13,278.14 "
2726,Noah,Clark,nan,"$1,858.88 "
9252,Liam,Mitchell,432-968-8958,$286.26 
5042,Sofia,Morales,766-353-6236,"$4,987.25 "
1095,Matthew,Cox,719-797-4781,"$21,128.50 "
8704,Isabella,Perry,769-253-6874,"$14,768.51 "
4048,Gabriel,Walker,473-947-1889,"$20,009.69 "
1105,Lucas,Reyes,372-365-2384,"$16,253.64 "
4502,Emma,Mitchell,333-212-6859,"$16,124.96 "
9163,Benjamin,Brown,755-578-9716,"$11,552.65 "
3489,Gabriel,Simmons,227-715-8259,"$17,609.99 "
3852,Abigail,Lewis,965-887-5782,"$39,959.14 "
5014,Matthew,Morales,483-151-3839,"$11,539.39 "
1676,Michael,Perez,626-279-7659,"$21,265.97 "
9923,Amelia,Brown,992-335-1672,"$17,211.12 "
9191,David,Bailey,567-829-7393,"$5,568.15 "
7845,Henry,Brown,486-718-2013,"$13,265.54 "
9899,Noah,Clark,701-446-2689,"$16,951.77 "
4290,Avery,Johnson,730-849-4944,nan
7977,Mia,Garcia,209-496-1668,"$2,603.91 "
8174,Lucas,Martinez,871-135-6328,"$8,389.73 "
7732,Isabella,Alexander,?,"$4,847.96 "
4984,Joseph,Perry,102-200-5636,"$6,194.49 "
1441,Abigail,Taylor,632-842-9409,"$7,897.52 "
3028,Daniel,Powell,849-595-8471,"$8,133.11 "
1308,Benjamin,Cox,906-558-9673,"$19,477.17 "
7258,Olivia,Garcia,312-791-7861,"$2,848.70 "
9511,Chloe,Young,837-286-3477,"$31,438.55 "
1251,James,Garcia,333-691-7567,"$29,009.83 "
2317,Ava,Scott,130-834-4557,"$3,237.29 "
8963,Gabriel,Morales,417-798-2749,"$2,771.39 "
5699,Henry,Sanders,828-361-1158,"$9,939.84 "
7900,Chloe,Mitchell,294-398-9506,"$21,934.38 "
3058,Logan,Foster,628-645-9875,"$2,213.03 "
1996,Alexander,Wallace,156-836-2253,"$13,718.18 "
6079,James,Hall,316-354-4758,"$5,612.49 "
9335,Michael,Lewis,373-659-5107,"$10,449.39 "
6146,Elizabeth,Wallace,598-194-1684,"$12,463.81 "
9053,Sofia,Morales,891-961-6333,"$1,622.63 "
6658,Isabella,Wallace,444-297-5813,"$2,180.05 "
8443,Mason,Young,374-147-2557,"$22,133.48 "
9175,Sofia,Hernandez,928-919-3757,"$3,285.88 "
9422,Harper,Morales,920-941-5641,"$5,070.81 "
2465,Michael,Thomas,122-792-9024,"$9,252.51 "
3991,Michael,Cox,570-161-7546,"$4,975.11 "
9282,Emma,Walker,558-173-8475,"$4,474.80 "
6342,Michael,Hernandez,267-240-8135,"$8,215.81 "
8240,Chloe,Mitchell,995-742-7838,"$1,416.88 "
3074,Elijah,Parker,891-495-2824,"$12,450.90 "
3539,Chloe,Watson,165-476-5554,"$19,226.53 "
4193,William,Smith,280-999-6544,"$2,947.30 "
4752,Chloe,Griffin,280-371-5476,"$10,916.26 "
5960,Joseph,Wallace,523-191-2988,"$7,486.36 "
3052,William,Davis,228-397-5363,"$4,123.98 "
1545,Olivia,Sanders,567-200-3705,"$2,404.69 "
8619,Noah,Taylor,852-329-9404,"$1,329.80 "
2953,Sofia,Taylor,846-639-8191,"$1,104.88 "
4977,David,Brown,314-579-4012,"$5,606.97 "
8185,Benjamin,Hall,663-654-1649,$739.08 
5811,Alexander,Martinez,589-652-5229,"$7,270.03 "
7907,Olivia,Hernandez,505-267-7135,"$7,364.98 "
5899,Grace,Miller,467-950-9021,"$11,705.98 "
5034,Gabriel,Walker,305-790-4010,"$2,483.31 "
1275,Avery,Alexander,653-266-8579,"$11,749.57 "
8100,Noah,Davis,150-578-3431,$595.37 
3974,Gabriel,Moore,588-967-4603,"$6,417.54 "
9921,Elizabeth,Thomas,485-863-3890,"$2,174.00 "
7673,Michael,Bailey,134-370-5941,"$1,043.88 "
8712,Abigail,Watson,882-910-3390,"$5,458.47 "
5298,Mia,Parker,727-766-8238,"$13,610.40 "
1671,Benjamin,Bailey,259-653-4040,"$9,333.18 "
5907,Lucas,Jones,220-958-5476,"$4,285.25 "
3180,Oliver,Thomas,?,"$23,951.01 "
4330,Grace,Morales,211-757-5145,$864.56 
9862,Charlotte,Walker,220-962-9874,"$3,544.30 "
8033,Harper,Diaz,766-545-3536,"$17,785.74 "
6156,Joseph,Scott,885-873-5214,"$27,500.22 "
8636,Andrew,Simmons,282-590-7579,"$1,697.95 "
9848,Andrew,Griffin,371-901-3402,"$25,856.21 "
1648,Daniel,Parker,721-853-5670,"$6,844.16 "
7201,Emma,Perez,189-358-7705,"$16,054.95 "
5206,Grace,Garcia,700-406-4506,"$2,250.07 "
2286,Daniel,Russell,496-492-5677,"$1,122.19 "
9857,Andrew,Wilson,884-553-7838,"$17,770.29 "
9336,Evelyn,Simmons,717-309-2652,"$3,321.26 "
7803,Lucas,Powell,622-155-9843,"$1,175.99 "
1316,Harper,Foster,221-329-1244,"$6,373.05 "
1225,Samuel,Taylor,nan,$697.57 
4082,Sophia,Perez,176-327-9853,"$2,404.14 "
7458,Elijah,Garcia,312-451-4653,$24.19 
6969,Olivia,Russell,587-317-5320,$241.64 
2928,James,Mitchell,161-226-2709,"$2,551.79 "
5548,Andrew,Foster,339-267-9965,"$2,324.29 "
6234,Gabriel,Smith,672-711-4422,"$7,840.95 "
5925,Samuel,Hall,997-543-1584,"$12,109.31 "
3063,David,Simmons,932-172-8135,"$3,502.72 "
7289,Henry,Thomas,770-560-6636,$67.85 
9053,Alexander,Johnson,235-736-2163,$648.33 
9366,Noah,Johnson,321-770-4147,"$8,703.19 "
7684,Benjamin,Perez,720-734-7474,"$3,152.30 "
8445,Harper,Reyes,632-985-8680,"$7,055.36 "
2109,Isabella,Harris,435-377-5608,"$5,933.05 "
8092,Amelia,Alexander,?,"$9,307.65 "
7733,Daniel,Foster,389-432-4794,"$18,612.28 "
7654,Victoria,Bailey,335-161-7794,"$5,914.73 "
1666,Chloe,Miller,345-752-2564,"$3,639.35 "
4855,David,Perry,344-952-1627,"$2,628.64 "
6531,Elizabeth,Griffin,437-967-5675,"$5,167.91 "
3091,Evelyn,Perez,?,$342.60 
3593,Evelyn,Sanders,455-618-3127,"$8,540.84 "
6556,Victoria,Simmons,932-656-5509,"$7,854.03 "
8396,Victoria,Wilson,297-797-9589,"$23,217.02 "
6403,James,Harris,202-854-9218,"$2,687.55 "
4252,Isabella,Clark,473-462-4242,"$4,771.56 "
8738,Madison,Bailey,100-151-2615,"$11,250.21 "
5478,Matthew,Jones,301-802-8387,"$4,959.19 "
7785,Liam,Harris,778-262-5262,"$12,633.86 "
6009,Logan,Walker,185-462-3794,"$8,713.81 "
8592,Elijah,Powell,630-323-7967,"$1,780.56 "
8840,Sophia,Hernandez,117-872-6156,"$4,927.22 "
3572,Mia,Sanders,144-507-7309,"$43,686.46 "
1609,Madison,Clark,?,"$16,300.52 "
7005,Sophia,Moore,483-858-9604,"$5,327.91 "
3896,Daniel,Brown,256-204-1446,"$1,697.64 "
7974,Victoria,Perry,498-198-5595,"$11,287.84 "
8344,Samuel,Taylor,519-851-1708,$961.54 
5143,Harper,Diaz,287-109-4989,"$12,952.35 "
3564,Victoria,Bailey,365-264-4404,"$4,778.63 "
1142,Sophia,Russell,813-431-9778,"$8,511.05 "
1069,Sophia,Jones,339-886-2967,"$12,904.93 "
7099,David,Harris,809-428-6034,"$12,799.04 "
6743,Henry,Reyes,999-363-7716,"$11,043.94 "
3513,Olivia,Sanders,?,"$10,206.00 "
4307,Emma,Cox,748-415-4613,"$9,839.57 "
9062,Henry,Brown,412-368-2550,"$14,686.60 "